seq_index	nt_sequence	aa_sequence	v_gene_choice	j_gene_choice
0	TGCAGTGCTAGAGATGGAGCGGGGGGGCCTGGTTCGGACGAGCAGTACGTC	CSARDGAGGPGSDEQYV	TRBV20-1*01	TRBJ2-7*02
1	TGTGCCACCAGCAGAGAACTAGGGGGCCTGAGCTCCTATAATTCACCCCTCCACTTT	CATSRELGGLSSYNSPLHF	TRBV15*01	TRBJ1-6*01
2	TGTGCCAGCAGCTCAGCCCTAGCGTTAGCAGATACGCAGTATTTT	CASSSALALADTQYF	TRBV7-4*01	TRBJ2-3*01
3	TGTGCCAGCAGTCACGGGTATCAGACCCAGTACTTC	CASSHGYQTQYF	TRBV7-2*01	TRBJ2-5*01
4	TGTGCCAGCAGCTTCCACGTCACAGATACGCAGTATTTT	CASSFHVTDTQYF	TRBV7-4*01	TRBJ2-3*01
5	TGCGCCAGCAGCCCGAGTGATGAAAAACTGTTTTTT	CASSPSDEKLFF	TRBV5-1*01	TRBJ1-4*01
6	TGTGCCAGCAGCTTGGATAACAATGAGCAGTTCTTC	CASSLDNNEQFF	TRBV5-4*02	TRBJ2-1*01
7	TGCAGTGCTGCTCCTACTTCAGGGCGGGACGAGCAGTACGTC	CSAAPTSGRDEQYV	TRBV20-1*01	TRBJ2-7*02
8	TGCGCCAGCAGCCAAGACGGAAAAAAGGGAGGAAGGCAAAACATTCAGTACTTC	CASSQDGKKGGRQNIQYF	TRBV4-1*01	TRBJ2-4*01
9	TGTGCCAGCAGTTTATCCGCCGGGCAGGGGGTCAGATGCACTGAAGCTTTCTTT	CASSLSAGQGVRCTEAFF	TRBV28*01	TRBJ1-1*01
10	TGTGCCAGCAGCTCCGGGACAGGAACCTCCCGCAGCAATCAGCCCCAGCATTTT	CASSSGTGTSRSNQPQHF	TRBV5-4*02	TRBJ1-5*01
11	TGCGCCAGCAGCTTTGACAGGGGGCCCAATCAGCCCCAGCATTTT	CASSFDRGPNQPQHF	TRBV5-1*01	TRBJ1-5*01
12	TGTGCCACTGAACACCGAGACACAGATACGCAGTATTTT	CATEHRDTDTQYF	TRBV10-3*02	TRBJ2-3*01
13	TGCAGTGCTAGAGATGACCCCGGGGGGAATGAGCAGTTCTTC	CSARDDPGGNEQFF	TRBV20-1*01	TRBJ2-1*01
14	TGTGCTAGTGGTTTGCCCGATCTGCGGAATCAGCCCCAGCATTTT	CASGLPDLRNQPQHF	TRBV12-5*01	TRBJ1-5*01
15	TGCAGCGTTGCCAGGACAGGGGTTTTAATTGCAACTAATGAAAAACTGTTTTTT	CSVARTGVLIATNEKLFF	TRBV29-1*02	TRBJ1-4*01
16	TGTGCCAGCACTGACTCGGGAAAGCCCTACGAGCAGTACTTC	CASTDSGKPYEQYF	TRBV5-4*01	TRBJ2-7*01
17	TGTGCCAGCAGGTTCTGGACAGCGAACTCTGGGGCCAACGTCCTGACTTTC	CASRFWTANSGANVLTF	TRBV5-5*01	TRBJ2-6*01
18	TGCAGTGCTAGAGATCATAGCGGGCTTATTAACATTCAGTACTTC	CSARDHSGLINIQYF	TRBV20-1*01	TRBJ2-4*01
19	TGTGCCATCAGAGACCGCGCTGGGGCCAACGTCCTGACTTTC	CAIRDRAGANVLTF	TRBV10-3*01	TRBJ2-6*01
20	TGTGCCAGTAGTACCCCGGGGGGGAGGGGAGGTGGGGCCAACGTCCTGACTTTC	CASSTPGGRGGGANVLTF	TRBV19*01	TRBJ2-6*01
21	TGTGCCAGCTCACTTGACAGGGGCAATAATGAGCAGTTCTTC	CASSLDRGNNEQFF	TRBV18*01	TRBJ2-1*01
22	TGCGCCAGCAGCTTGATGACAGTAGACCCCTATGGCTACACCTTC	CASSLMTVDPYGYTF	TRBV5-1*01	TRBJ1-2*01
23	TGCGCCAGCAGCCAAAAGGTCCCCTGGGACAGGGGGCAGCGAAATCAGCCCCAGCATTTT	CASSQKVPWDRGQRNQPQHF	TRBV4-1*01	TRBJ1-5*01
24	TGTGCCAGCAGCGGTGAGGGGCACACAGATACGCAGTATTTT	CASSGEGHTDTQYF	TRBV5-6*01	TRBJ2-3*01
25	TGTGCCAGCAGCTTAGCCGACAGAAGTGAAAAACTGTTTTTT	CASSLADRSEKLFF	TRBV7-9*04	TRBJ1-4*01
26	TGCGCCAGCACCACGGACAGGGGGAATCAGCCCCAGCATTTT	CASTTDRGNQPQHF	TRBV5-1*01	TRBJ1-5*01
27	TGTGCCAGGGGGGGCCTTAGACGGACAGGGACGAGCAATCAGCCCCAGCATTTT	CARGGLRRTGTSNQPQHF	TRBV6-1*01	TRBJ1-5*01
28	TGTGCCAGCACGACGGGTTTCTACGAGCAGTACGTC	CASTTGFYEQYV	TRBV6-4*01	TRBJ2-7*02
29	TGTGCCAGCAGTGGGACAGGAGTTTATGGCTACACCTTC	CASSGTGVYGYTF	TRBV6-1*01	TRBJ1-2*01
30	TGCAGTGCACGGGGGGAAACCGGGGAGCTGTTTTTT	CSARGETGELFF	TRBV20-1*01	TRBJ2-2*01
31	TGTGCTAGCAGCTTTCCCGGACAGGTCCAGGGGGCCAACGTCCTGACTTTC	CASSFPGQVQGANVLTF	TRBV7-7*03	TRBJ2-6*01
32	TGCAGTGCACCGCAGGGCTATGGCTACACCTTC	CSAPQGYGYTF	TRBV20-1*01	TRBJ1-2*01
33	TGTGCCAGCAGCCAAGATAAAAGACCCAGCGCCTGCTCCTACGAGCAGTACTTC	CASSQDKRPSACSYEQYF	TRBV3-1*01	TRBJ2-7*01
34	TGTGCCAGCAGCTGGAGGGTGAACACTGAAGCTTTCTTT	CASSWRVNTEAFF	TRBV14*01	TRBJ1-1*01
35	TGCGCCAGCAGTGAGTCGATACGGACAGCCTTCCTAAATGAAGCTTTCTTT	CASSESIRTAFLNEAFF	TRBV10-1*02	TRBJ1-1*01
36	TGCAGCGTTGAGAACAGCGGTATGCCTCCTGGCTACACCTTC	CSVENSGMPPGYTF	TRBV29-1*01	TRBJ1-2*01
37	TGCAGTGCTAACCGGGGGGAGCCAGAGACCCAGTACTTC	CSANRGEPETQYF	TRBV20-1*01	TRBJ2-5*01
38	TGTGCCACCAGTGATCCGTCTAGGGGGGAGCAGTTCTTC	CATSDPSRGEQFF	TRBV24-1*01	TRBJ2-1*01
39	TGCAGTGCTAGACGGGGGGTAACCGACGAGACCCAGTACTTC	CSARRGVTDETQYF	TRBV20-1*01	TRBJ2-5*01
40	TGCGCCAGCAGCAGGAGGACTATGAACACTGAAGCTTTCTTT	CASSRRTMNTEAFF	TRBV4-3*01	TRBJ1-1*01
41	TGTGCCAGCAAAAGTACTAGCGGGCGCAGCTCCTATAATTCACCCCTCCACTTT	CASKSTSGRSSYNSPLHF	TRBV7-3*01	TRBJ1-6*02
42	TGTGCCAGTGGACTCTGCGAGCAGTACTTC	CASGLCEQYF	TRBV5-6*01	TRBJ2-7*01
43	TGCGCCAGCCCACAGGCCAGGGAGCCCACTGAAGCTTTCTTT	CASPQAREPTEAFF	TRBV10-1*01	TRBJ1-1*01
44	TGTGCCAGCAGTTTACCTAGCTTTACCGGGGAGCTGTTTTTT	CASSLPSFTGELFF	TRBV12-4*02	TRBJ2-2*01
45	TGCAGTGCTACCCGCCCTGGCGGGCCCGGGGAGCTGTTTTTT	CSATRPGGPGELFF	TRBV20-1*01	TRBJ2-2*01
46	TGTGCCAGCTCACCACCGTGTGGGACCGGGACAGGGAACGAGCAGTACTTC	CASSPPCGTGTGNEQYF	TRBV18*01	TRBJ2-7*01
47	TGTGCCAGCAAACTCCGTAGAGGACAGGCGGACTACGAGCAGTACTTC	CASKLRRGQADYEQYF	TRBV6-4*01	TRBJ2-7*01
48	TGTGCCAGCAGTGAGCAGTTGGGAGTAGATGAGCAGTTCTTC	CASSEQLGVDEQFF	TRBV6-4*01	TRBJ2-1*01
49	TGTGCCTTGGGCCTATGGACCGGACAGTGCCCAGAAAAACTGTTTTTT	CALGLWTGQCPEKLFF	TRBV15*02	TRBJ1-4*01
50	TGCGCCAGCGACAACACCTCAGATACGCAGTATTTT	CASDNTSDTQYF	TRBV5-1*01	TRBJ2-3*01
51	TGTGCCAGGCCCGACAGCACAGATACGCAGTATTTT	CARPDSTDTQYF	TRBV12-4*02	TRBJ2-3*01
52	TGTGCCAGCAGCGAATCACCCCAGGATGATGGCTACACCTTC	CASSESPQDDGYTF	TRBV7-3*01	TRBJ1-2*01
53	TGTGCCACCAGTGATTGTTCATGGGACAGGGGACTTGAAGCTTTCTTT	CATSDCSWDRGLEAFF	TRBV24-1*01	TRBJ1-1*01
54	TGTGCCATCCGGGACAGGGCTAGCAATCAGCCCCAGCATTTT	CAIRDRASNQPQHF	TRBV10-3*01	TRBJ1-5*01
55	TGTGCCAGCAGCTTAGGGATCGGCACTGAAGCTTTCTTT	CASSLGIGTEAFF	TRBV7-3*01	TRBJ1-1*01
56	TGCGCCAGCAGCTCCCGAAGGGGGGGGGGAGAGACCCAGTACTTC	CASSSRRGGGETQYF	TRBV5-1*01	TRBJ2-5*01
57	TGTGCCAGAGGTCAGCTCCTCCAAGAGACCCAGTACTTC	CARGQLLQETQYF	TRBV5-4*01	TRBJ2-5*01
58	TGCGCCAGCAGCATTTTGGGACAGGGCAAGGCTCAGCCCCAGCATTTT	CASSILGQGKAQPQHF	TRBV5-1*01	TRBJ1-5*01
59	TGTGCCAGCAGCGACAGGGTGAGCTCCTATAATTCACCCCTCCACTTT	CASSDRVSSYNSPLHF	TRBV7-2*02	TRBJ1-6*01
60	TGTGCTAGCAGCGGGCCTACCAGGACTTCCTACAATGAGCAGTTCTTC	CASSGPTRTSYNEQFF	TRBV7-7*03	TRBJ2-1*01
61	TGCGCCAGCAGCCAAGATTATAAAGGAGGGCCTCCCTATGGCTACACCTTC	CASSQDYKGGPPYGYTF	TRBV4-1*01	TRBJ1-2*01
62	TGTGCCAGCAGCTTAAGAAGGACAGGGGGCGCCTCCTACGAGCAGTACGTC	CASSLRRTGGASYEQYV	TRBV7-3*01	TRBJ2-7*02
63	TGCAGTGCTAGTTCGGCTGGCCTTGAGCAGTTCTTC	CSASSAGLEQFF	TRBV20-1*01	TRBJ2-1*01
64	TGTGCCAGGTATATGACTAGCGGTAAGGGTGAAAAACTGTTTTTT	CARYMTSGKGEKLFF	TRBV28*01	TRBJ1-4*01
65	TGTGCCAGCAGGTTAAGGGACAGGAGGGGAGAGACCCAGTACTTC	CASRLRDRRGETQYF	TRBV5-4*01	TRBJ2-5*01
66	TGTGCCAGCAGCTTACTCTTGACCCGGGGGGGGGAGCAGTTCTTC	CASSLLLTRGGEQFF	TRBV7-4*01	TRBJ2-1*01
67	TGCAGTGCTAGAGATCGGTTCGTAAGGGAAGGGCACACAGATACGCAGTATTTT	CSARDRFVREGHTDTQYF	TRBV20-1*01	TRBJ2-3*01
68	TGTGCCAGCTCCGGACAGGGGGAGACCCAGTACTTC	CASSGQGETQYF	TRBV18*01	TRBJ2-5*01
69	TGTGCTAGTGGTTTGGCGGGAGGGCCGAGGAATCAGCCCCAGCATTTT	CASGLAGGPRNQPQHF	TRBV12-5*01	TRBJ1-5*01
70	TGTGCCAGCAGCTTAAGTTTGAATGAGCAGTACGTC	CASSLSLNEQYV	TRBV7-4*01	TRBJ2-7*02
71	TGTGCCAGCAGCTTAGCGCTCCCTAGGATGAACACTGAAGCTTTCTTT	CASSLALPRMNTEAFF	TRBV7-4*01	TRBJ1-1*01
72	TGCAGTGCTAGACTTGTCGGGACAGGGGACACTGAAGCTTTCTTT	CSARLVGTGDTEAFF	TRBV20-1*01	TRBJ1-1*01
73	TGCAGTGCTAGCGACGGGACAGGGGTCTCCACTAACTATGGCTACACCTTC	CSASDGTGVSTNYGYTF	TRBV20-1*01	TRBJ1-2*01
74	TGCAGTGCTAGAGACAATGAAAAACTGTTTTTT	CSARDNEKLFF	TRBV20-1*01	TRBJ1-4*01
75	TGTGCCAGCAGCTTAGCAGGCGTGAACACTGAAGCTTTCTTT	CASSLAGVNTEAFF	TRBV7-4*01	TRBJ1-1*01
76	TGCGCCAGCAGCTTGTTCTGGACCCCCAGGGGCTTGACCTGCGTCTACAATGAGCAGTTCTTC	CASSLFWTPRGLTCVYNEQFF	TRBV5-1*01	TRBJ2-1*01
77	TGCGCCAGCAGCCAAGATCTTCCAGCTCCCGACAGGGCTTGCGCCAGTGAAAAACTGTTTTTT	CASSQDLPAPDRACASEKLFF	TRBV4-1*01	TRBJ1-4*01
78	TGCAGTGCTAGCAGGGGCCGCCTAGATACGCAGTATTTT	CSASRGRLDTQYF	TRBV20-1*01	TRBJ2-3*01
79	TGCGCCAGCAGCTTGCAAATCATGAGTAGCAATCAGCCCCAGCATTTT	CASSLQIMSSNQPQHF	TRBV5-1*01	TRBJ1-5*01
80	TGTGCCAGCAGCTCCGTCAAGGGCATGCTGATGGGCTACACCTTC	CASSSVKGMLMGYTF	TRBV7-3*01	TRBJ1-2*01
81	TGTGCCAGCAGCATATGGAGGGTTAGCTCTACGCAGTATTTT	CASSIWRVSSTQYF	TRBV7-4*01	TRBJ2-3*01
82	TGCAGTGCTGGGGGGGGCGGCTTGTGCACAGATACGCAGTATTTT	CSAGGGGLCTDTQYF	TRBV20-1*01	TRBJ2-3*01
83	TGTGCCAGCAGCTCCCCCCCCAGCGGGACAGACCCCTACGAGCAGTACTTC	CASSSPPSGTDPYEQYF	TRBV5-4*01	TRBJ2-7*01
84	TGCGCCAGCAGACCCAGGGGAAACTGCTACGAGCAGTACGTC	CASRPRGNCYEQYV	TRBV4-3*01	TRBJ2-7*02
85	TGCAGTGCTAGACTGGCCGGCCACACCGGGGAGCTGTTTTTT	CSARLAGHTGELFF	TRBV20-1*01	TRBJ2-2*01
86	TGTGCCAGCAGCCAAGCTAAGTGGGGCGTTTACACAGATACGCAGTATTTT	CASSQAKWGVYTDTQYF	TRBV14*01	TRBJ2-3*01
87	TGTGCCAGCAGCTTAGACAGGGTCTTGTACCAAGAGACCCAGTACTTC	CASSLDRVLYQETQYF	TRBV7-8*02	TRBJ2-5*01
88	TGCAGCGTTAGGGAGGGGGAGACAACTAATGAAAAACTGTTTTTT	CSVREGETTNEKLFF	TRBV29-1*01	TRBJ1-4*01
89	TGTGCCATAGCGGGGGTCAAAGAGACCCAGTACTTC	CAIAGVKETQYF	TRBV5-6*01	TRBJ2-5*01
90	TGCAGTGCTAGCCAATGGACAGCCTTTTATAGCAATCAGCCCCAGCATTTT	CSASQWTAFYSNQPQHF	TRBV20-1*01	TRBJ1-5*01
91	TGTGCCAGCAGCTTCCCCCCCTCTTTTTGCTCTGGGGCCAACGTCCTGACTTTC	CASSFPPSFCSGANVLTF	TRBV7-2*01	TRBJ2-6*01
92	TGCGCCAGCAGCTTGTATAGCGGGGATGGGGAGCTGTTTTTT	CASSLYSGDGELFF	TRBV5-1*01	TRBJ2-2*01
93	TGCAGTGCTAGGGGGCAGATAGACCTGGCCGGGGAGCTGTTTTTT	CSARGQIDLAGELFF	TRBV20-1*01	TRBJ2-2*01
94	TGTGCCAGCACCCCACGGGCAGTCCGGCCCTCTGGAAACACCATATATTTT	CASTPRAVRPSGNTIYF	TRBV7-4*01	TRBJ1-3*01
95	TGCAGTGCTAGAGATCTGGGACTAGCGGGGGGGAGTACTGGGAGAGAGACCCAGTACTTC	CSARDLGLAGGSTGRETQYF	TRBV20-1*01	TRBJ2-5*01
96	TGTGCCAGCAGCCAACGAAATCAGCCCCAGCATTTT	CASSQRNQPQHF	TRBV5-5*01	TRBJ1-5*01
97	TGCGCCAGCAGCTTACTTGACAGGGAAATGTACTCCTACAATGAGCAGTTCTTC	CASSLLDREMYSYNEQFF	TRBV5-1*01	TRBJ2-1*01
98	TGCGCCAGCAGCCGAGACCCCCTGACTAATGAAAAACTGTTTTTT	CASSRDPLTNEKLFF	TRBV5-1*01	TRBJ1-4*01
99	TGTGCCAGCAGCTTCCAGGAGAACACTGAAGCTTTCTTT	CASSFQENTEAFF	TRBV11-2*01	TRBJ1-1*01
